Oktober 1951,Prins Bernhard (1950),Prins Willem I (1933),Koningin Emma (1933),Koningin Wilhelmina (1927),Willemsdorp (1930),Oosterschelde (1933),Zandkreek (1926),Prinses Irene,Zuidvliet (1914),Koningin Juliana (1949),Prins Hendrik (1932),Zeemeeuw
01-10-1951,Vlissingen-Breskens,Terneuzen-Hoedekenskerke,Werkplaats,Kruiningen-Perkpolder,Kruiningen-Perkpolder,Zierikzee-Katseveer,Kortgene-Wolphaartsdijk,Veere-Kamperland,Werkplaats,Werkplaats,Werkplaats,Binnen
02-10-1951,Vlissingen-Breskens,Terneuzen-Hoedekenskerke,Werkplaats,Kruiningen-Perkpolder,Kruiningen-Perkpolder,Zierikzee-Katseveer,Kortgene-Wolphaartsdijk,Veere-Kamperland,Werkplaats,Werkplaats,Werkplaats,Binnen
03-10-1951,Vlissingen-Breskens,Terneuzen-Hoedekenskerke,Werkplaats,Kruiningen-Perkpolder,Kruiningen-Perkpolder,Zierikzee-Katseveer,Kortgene-Wolphaartsdijk,Veere-Kamperland,Werkplaats,Werkplaats,Werkplaats,Binnen
04-10-1951,Vlissingen-Breskens,Terneuzen-Hoedekenskerke,Werkplaats,Kruiningen-Perkpolder,Kruiningen-Perkpolder,Zierikzee-Katseveer,Kortgene-Wolphaartsdijk,Veere-Kamperland,Werkplaats,Werkplaats,Werkplaats,Binnen
05-10-1951,Vlissingen-Breskens,Terneuzen-Hoedekenskerke,Werkplaats,Kruiningen-Perkpolder,Kruiningen-Perkpolder,Zierikzee-Katseveer,Kortgene-Wolphaartsdijk,Veere-Kamperland,Werkplaats,Werkplaats,Werkplaats,Binnen
06-10-1951,Vlissingen-Breskens,Terneuzen-Hoedekenskerke,Werkplaats,Kruiningen-Perkpolder,Kruiningen-Perkpolder,Zierikzee-Katseveer,Kortgene-Wolphaartsdijk,Veere-Kamperland,Werkplaats,Werkplaats,Werkplaats,Binnen
07-10-1951,Vlissingen-Breskens,Terneuzen-Hoedekenskerke,Werkplaats,Kruiningen-Perkpolder,Kruiningen-Perkpolder,Zierikzee-Katseveer,Kortgene-Wolphaartsdijk,Veere-Kamperland,Werkplaats,Werkplaats,Werkplaats,Binnen
08-10-1951,Vlissingen-Breskens,Terneuzen-Hoedekenskerke,Werkplaats,Kruiningen-Perkpolder,Kruiningen-Perkpolder,Zierikzee-Katseveer,Kortgene-Wolphaartsdijk,Veere-Kamperland,Werkplaats,Werkplaats,Werkplaats,Binnen
09-10-1951,Vlissingen-Breskens,Terneuzen-Hoedekenskerke,Werkplaats,Kruiningen-Perkpolder,Kruiningen-Perkpolder,Zierikzee-Katseveer,Kortgene-Wolphaartsdijk,Veere-Kamperland,Werkplaats,Werkplaats,Werkplaats,Binnen
10-10-1951,Vlissingen-Breskens,Terneuzen-Hoedekenskerke,Werkplaats,Kruiningen-Perkpolder,Kruiningen-Perkpolder,Zierikzee-Katseveer,Kortgene-Wolphaartsdijk,Veere-Kamperland,Werkplaats,Werkplaats,Werkplaats,Binnen
11-10-1951,Vlissingen-Breskens,Terneuzen-Hoedekenskerke,Werkplaats,Kruiningen-Perkpolder,Kruiningen-Perkpolder,Zierikzee-Katseveer,Kortgene-Wolphaartsdijk,Binnen,Veere-Kamperland,Werkplaats,Werkplaats,Binnen
12-10-1951,Vlissingen-Breskens,Terneuzen-Hoedekenskerke,Werkplaats,Kruiningen-Perkpolder,Kruiningen-Perkpolder,Zierikzee-Katseveer,Kortgene-Wolphaartsdijk,Binnen,Veere-Kamperland,Werkplaats,Werkplaats,Binnen
13-10-1951,Vlissingen-Breskens,Terneuzen-Hoedekenskerke,Werkplaats,Kruiningen-Perkpolder,Kruiningen-Perkpolder,Zierikzee-Katseveer,Kortgene-Wolphaartsdijk,Binnen,Veere-Kamperland,Werkplaats,Werkplaats,Binnen
14-10-1951,Vlissingen-Breskens,Terneuzen-Hoedekenskerke,Werkplaats,Kruiningen-Perkpolder,Kruiningen-Perkpolder,Zierikzee-Katseveer,Kortgene-Wolphaartsdijk,Binnen,Veere-Kamperland,Werkplaats,Werkplaats,Binnen
15-10-1951,Vlissingen-Breskens,Terneuzen-Hoedekenskerke,Werkplaats,Kruiningen-Perkpolder,Kruiningen-Perkpolder,Zierikzee-Katseveer,Kortgene-Wolphaartsdijk,Binnen,Veere-Kamperland,Werkplaats,Werkplaats,Binnen
16-10-1951,Vlissingen-Breskens,Terneuzen-Hoedekenskerke,Werkplaats,Kruiningen-Perkpolder,Kruiningen-Perkpolder,Zierikzee-Katseveer,Kortgene-Wolphaartsdijk,Binnen,Veere-Kamperland,Werkplaats,Werkplaats,Binnen
17-10-1951,Vlissingen-Breskens,Terneuzen-Hoedekenskerke,Werkplaats,Kruiningen-Perkpolder,Kruiningen-Perkpolder,Zierikzee-Katseveer,Kortgene-Wolphaartsdijk,Binnen,Veere-Kamperland,Werkplaats,Werkplaats,Binnen
18-10-1951,Vlissingen-Breskens,Terneuzen-Hoedekenskerke,Werkplaats,Kruiningen-Perkpolder,Kruiningen-Perkpolder,Zierikzee-Katseveer,Kortgene-Wolphaartsdijk,Binnen,Veere-Kamperland,Werkplaats,Werkplaats,Binnen
19-10-1951,Vlissingen-Breskens,Terneuzen-Hoedekenskerke,Werkplaats,Kruiningen-Perkpolder,Kruiningen-Perkpolder,Zierikzee-Katseveer,Kortgene-Wolphaartsdijk,Binnen,Veere-Kamperland,Werkplaats,Werkplaats,Binnen
20-10-1951,Vlissingen-Breskens,Terneuzen-Hoedekenskerke,Werkplaats,Kruiningen-Perkpolder,Kruiningen-Perkpolder,Zierikzee-Katseveer,Kortgene-Wolphaartsdijk,Binnen,Veere-Kamperland,Werkplaats,Werkplaats,Binnen
21-10-1951,Vlissingen-Breskens,Terneuzen-Hoedekenskerke,Werkplaats,Kruiningen-Perkpolder,Kruiningen-Perkpolder,Zierikzee-Katseveer,Kortgene-Wolphaartsdijk,Binnen,Veere-Kamperland,Werkplaats,Werkplaats,Binnen
22-10-1951,Vlissingen-Breskens,Terneuzen-Hoedekenskerke,Werkplaats,Kruiningen-Perkpolder,Kruiningen-Perkpolder,Zierikzee-Katseveer,Kortgene-Wolphaartsdijk,Binnen,Veere-Kamperland,Werkplaats,Werkplaats,Binnen
23-10-1951,Vlissingen-Breskens,Terneuzen-Hoedekenskerke,Werkplaats,Kruiningen-Perkpolder,Kruiningen-Perkpolder,Zierikzee-Katseveer,Kortgene-Wolphaartsdijk,Binnen,Veere-Kamperland,Werkplaats,Werkplaats,Binnen
24-10-1951,Vlissingen-Breskens,Binnen,Terneuzen-Hoedekenskerke,Kruiningen-Perkpolder,Kruiningen-Perkpolder,Zierikzee-Katseveer,Kortgene-Wolphaartsdijk,Binnen,Veere-Kamperland,Werkplaats,Werkplaats,Binnen
25-10-1951,Vlissingen-Breskens,Binnen,Terneuzen-Hoedekenskerke,Kruiningen-Perkpolder,Kruiningen-Perkpolder,Zierikzee-Katseveer,Kortgene-Wolphaartsdijk,Binnen,Veere-Kamperland,Werkplaats,Werkplaats,Binnen
26-10-1951,Vlissingen-Breskens,Binnen,Terneuzen-Hoedekenskerke,Kruiningen-Perkpolder,Kruiningen-Perkpolder,Zierikzee-Katseveer,Kortgene-Wolphaartsdijk,Binnen,Veere-Kamperland,Werkplaats,Werkplaats,Binnen
27-10-1951,Vlissingen-Breskens,Binnen,Terneuzen-Hoedekenskerke,Kruiningen-Perkpolder,Kruiningen-Perkpolder,Zierikzee-Katseveer,Kortgene-Wolphaartsdijk,Binnen,Veere-Kamperland,Werkplaats,Werkplaats,Binnen
28-10-1951,Vlissingen-Breskens,Binnen,Terneuzen-Hoedekenskerke,Kruiningen-Perkpolder,Kruiningen-Perkpolder,Zierikzee-Katseveer,Kortgene-Wolphaartsdijk,Binnen,Veere-Kamperland,Werkplaats,Werkplaats,Binnen
29-10-1951,Vlissingen-Breskens,Binnen,Terneuzen-Hoedekenskerke,Kruiningen-Perkpolder,Kruiningen-Perkpolder,Zierikzee-Katseveer,Kortgene-Wolphaartsdijk,Binnen,Veere-Kamperland,Werkplaats,Werkplaats,Binnen
30-10-1951,Vlissingen-Breskens,Binnen,Terneuzen-Hoedekenskerke,Kruiningen-Perkpolder,Kruiningen-Perkpolder,Zierikzee-Katseveer,Kortgene-Wolphaartsdijk,Binnen,Veere-Kamperland,Werkplaats,Werkplaats,Binnen
31-10-1951,Vlissingen-Breskens,Binnen,Terneuzen-Hoedekenskerke,Kruiningen-Perkpolder,Kruiningen-Perkpolder,Zierikzee-Katseveer,Kortgene-Wolphaartsdijk,Binnen,Veere-Kamperland,Werkplaats,Werkplaats,Binnen
